antecedents,consequents,antecedent support,consequent support,support,confidence,lift,representativity,leverage,conviction,zhangs_metric,jaccard,certainty,kulczynski
베이지,화이트,0.19588614468111512,0.4364285825098124,0.042635628849346095,0.2176551532971004,0.4987188328624346,1.0,-0.04285468360714501,0.7203618965029207,-0.5555544536262614,0.07230310344940986,-0.388191136780852,0.15767363137319407
화이트,베이지,0.4364285825098124,0.19588614468111512,0.042635628849346095,0.09769210944928773,0.49871883286243457,1.0,-0.04285468360714501,0.8911745799187284,-0.6407419557374936,0.07230310344940986,-0.12211459183586246,0.15767363137319407
블랙,베이지,0.2714826478847019,0.19588614468111512,0.03695954017282303,0.13613960398868538,0.6949935341792974,1.0,-0.01622014906913191,0.9308377360875714,-0.37593794240606465,0.08587069159720659,-0.07430109591723953,0.16240914445521407
베이지,블랙,0.19588614468111512,0.2714826478847019,0.03695954017282303,0.18867868492174275,0.6949935341792975,1.0,-0.01622014906913191,0.8979393719552751,-0.35307379204904266,0.08587069159720659,-0.11366093439302767,0.16240914445521407
스카이블루,화이트,0.13534766285545852,0.4364285825098124,0.05387727082331405,0.3980657640232108,0.9120982904786281,1.0,-0.005192317822709708,0.9362674255862049,-0.10028149770935836,0.10403046437959157,-0.06807090866574964,0.2607580679669761
화이트,스카이블루,0.4364285825098124,0.13534766285545852,0.05387727082331405,0.12345037191074143,0.9120982904786281,1.0,-0.005192317822709708,0.9864271336573933,-0.14603208169199638,0.10403046437959157,-0.013759623878433177,0.2607580679669761
베이지,스카이블루,0.19588614468111512,0.13534766285545852,0.013295272964209808,0.06787245206062587,0.5014674847626199,1.0,-0.013217458904145331,0.9276116117971215,-0.5528380956321668,0.04181711720503562,-0.07803738901309766,0.08305149216685566
스카이블루,베이지,0.13534766285545852,0.19588614468111512,0.013295272964209808,0.09823053227308545,0.5014674847626199,1.0,-0.013217458904145331,0.8917066768137653,-0.5348329381954978,0.04181711720503562,-0.12144500652746829,0.08305149216685566
블랙,스카이블루,0.2714826478847019,0.13534766285545852,0.013134317938534572,0.04837995371296323,0.3574494948215657,1.0,-0.023610223958471215,0.9086108899430821,-0.7116056695904418,0.03336157385059453,-0.10058113001776012,0.07271064452608544
스카이블루,블랙,0.13534766285545852,0.2714826478847019,0.013134317938534572,0.09704133533920767,0.3574494948215656,1.0,-0.023610223958471215,0.8068114085698206,-0.6752174964004721,0.03336157385059453,-0.23944702489102337,0.07271064452608544
스카이블루,블루,0.13534766285545852,0.14716913076529267,0.00473556834577018,0.034988179669030735,0.23774129457100865,1.0,-0.01518342954778154,0.8837517336753582,-0.7876019471158435,0.01704783446427075,-0.13153950583065568,0.033582954126723935
블루,스카이블루,0.14716913076529267,0.13534766285545852,0.00473556834577018,0.03217772858441713,0.23774129457100865,1.0,-0.01518342954778154,0.8933999171974621,-0.7898957187566471,0.01704783446427075,-0.11931955751343186,0.033582954126723935
네이비,화이트,0.09379605640794923,0.4364285825098124,0.03337780604725484,0.3558551108170691,0.8153799386158863,1.0,-0.007557473895876847,0.8749140557570096,-0.19990898516536745,0.06717926700753288,-0.14296940758913876,0.21616726676669748
화이트,네이비,0.4364285825098124,0.09379605640794923,0.03337780604725484,0.07647942271632585,0.8153799386158863,1.0,-0.007557473895876847,0.9812493255509734,-0.2866126309226732,0.06717926700753288,-0.0191089807256664,0.21616726676669748
블랙,네이비,0.2714826478847019,0.09379605640794923,0.009046448129818955,0.03332238063944684,0.3552641967644896,1.0,-0.016417553624953965,0.9374417338755551,-0.7135569945059875,0.025394803455653,-0.06673296468871476,0.0648852227378511
네이비,블랙,0.09379605640794923,0.2714826478847019,0.009046448129818955,0.09644806483625538,0.3552641967644896,1.0,-0.016417553624953965,0.8062816577148648,-0.6669605154011906,0.025394803455653,-0.24026137818162058,0.0648852227378511
베이지,네이비,0.19588614468111512,0.09379605640794923,0.011125288943359344,0.056794669992971204,0.6055123442072331,1.0,-0.007248058932686234,0.9607705923219261,-0.4475752137032805,0.03993901590042049,-0.04083119112052229,0.08770307432827522
네이비,베이지,0.09379605640794923,0.19588614468111512,0.011125288943359344,0.11861147866357923,0.605512344207233,1.0,-0.007248058932686234,0.9123262169328382,-0.4182415463977788,0.03993901590042049,-0.0960991599714338,0.08770307432827522
스카이블루,네이비,0.13534766285545852,0.09379605640794923,0.003975395212460634,0.029371731499391072,0.3131446312800611,1.0,-0.008719681807414049,0.9336261604990359,-0.7172550730654608,0.01765521517831767,-0.07109252322737662,0.03587756273944082
네이비,스카이블루,0.09379605640794923,0.13534766285545852,0.003975395212460634,0.04238339397949058,0.3131446312800611,1.0,-0.008719681807414049,0.9029212021893688,-0.7076399802171103,0.01765521517831767,-0.10751635643867735,0.03587756273944082
네이비,블루,0.09379605640794923,0.14716913076529267,0.003919157914333142,0.04178382401587827,0.2839170402012884,1.0,-0.009884726176437106,0.8900192781225177,-0.7356741830524438,0.01653332024411394,-0.12357116815434052,0.034207061366888156
블루,네이비,0.14716913076529267,0.09379605640794923,0.003919157914333142,0.026630298717898036,0.2839170402012884,1.0,-0.009884726176437106,0.930996662828541,-0.7473083608333675,0.01653332024411394,-0.07411770624592146,0.034207061366888156
블랙,라벤더,0.2714826478847019,0.020588668766192465,0.0025384352844443755,0.009350267150490015,0.4541462712656576,1.0,-0.003051031028622613,0.988655524507763,-0.6226180745565657,0.008767347157477361,-0.011474649370806177,0.06632154970032741
라벤더,블랙,0.020588668766192465,0.2714826478847019,0.0025384352844443755,0.12329283225016482,0.4541462712656576,1.0,-0.003051031028622613,0.8309699964985089,-0.5510057799786064,0.008767347157477361,-0.20341288399549876,0.06632154970032741
라벤더,화이트,0.020588668766192465,0.4364285825098124,0.008053568935292202,0.3911651125553358,0.8962866508555064,1.0,-0.0009319145901012238,0.9256555908869619,-0.10566318884190141,0.017938130080598486,-0.0803154108773884,0.2048092307646799
화이트,라벤더,0.4364285825098124,0.020588668766192465,0.008053568935292202,0.018453348974024016,0.8962866508555064,1.0,-0.0009319145901012238,0.9978245356041545,-0.17034725059825012,0.017938130080598486,-0.0021802073593313372,0.2048092307646799
오렌지,화이트,0.022107075815634744,0.4364285825098124,0.006573946229386121,0.29736842105263156,0.6813678869118195,1.0,-0.003074213532268306,0.8020866615965215,-0.3235050868835146,0.014545360930903098,-0.24674807334352095,0.156215736293465
화이트,오렌지,0.4364285825098124,0.022107075815634744,0.006573946229386121,0.015063051534298435,0.6813678869118195,1.0,-0.003074213532268306,0.9928482485175226,-0.4534839062678224,0.014545360930903098,-0.007203267461221835,0.156215736293465
오렌지,블루,0.022107075815634744,0.14716913076529267,0.0038474068787911694,0.17403508771929824,1.182551577319919,1.0,0.0005939277472417808,1.0325267533215445,0.15786076184435024,0.023257177019470852,0.03150209252874944,0.10008892254750407
블루,오렌지,0.14716913076529267,0.022107075815634744,0.0038474068787911694,0.026142757375709896,1.1825515773199187,1.0,0.0005939277472417808,1.0041440176069338,0.1810100074736612,0.023257177019470852,0.004126915596041569,0.10008892254750407
오렌지,스카이블루,0.022107075815634744,0.13534766285545852,0.0038105617524317784,0.1723684210526316,1.2735234389433718,1.0,0.0008184207082171865,1.044730963799446,0.21963234672575835,0.024801211662249145,0.042815773007023536,0.1002611501351703
스카이블루,오렌지,0.13534766285545852,0.022107075815634744,0.0038105617524317784,0.028153879217709003,1.2735234389433716,1.0,0.0008184207082171865,1.0062219761675921,0.24839685103311362,0.024801211662249145,0.006183502562018985,0.1002611501351703
블랙,오렌지,0.2714826478847019,0.022107075815634744,0.0026780589211747004,0.009864567559073117,0.446217656344066,1.0,-0.0033236285582416755,0.9876355215100415,-0.6301146539253066,0.009205746092057461,-0.01251927276881851,0.06550245921813305
오렌지,블랙,0.022107075815634744,0.2714826478847019,0.0026780589211747004,0.12114035087719299,0.446217656344066,1.0,-0.0033236285582416755,0.8289348052814052,-0.5592995922696398,0.009205746092057461,-0.20636748949215847,0.06550245921813305
블랙,화이트,0.2714826478847019,0.4364285825098124,0.07860810747917281,0.28955113003228666,0.6634559275818662,1.0,-0.03987467971315817,0.7932610513066187,-0.4104780545745709,0.12491294674497865,-0.26061905895020493,0.23483395100350637
화이트,블랙,0.4364285825098124,0.2714826478847019,0.07860810747917281,0.1801167719747261,0.6634559275818663,1.0,-0.03987467971315817,0.8885623308455344,-0.47370625339080086,0.12491294674497865,-0.12541345191667566,0.23483395100350637
블랙,카키,0.2714826478847019,0.040549031167098466,0.005480227741665245,0.02018629103688677,0.49782425019480986,1.0,-0.005528130608737951,0.9792177431853238,-0.580651124111177,0.017877024291497977,-0.021223325413888952,0.07766846833049504
카키,블랙,0.040549031167098466,0.2714826478847019,0.005480227741665245,0.1351506456241033,0.4978242501948099,1.0,-0.005528130608737951,0.842363295329069,-0.5125216612213123,0.017877024291497977,-0.18713624578021323,0.07766846833049504
네이비,카키,0.09379605640794923,0.040549031167098466,0.0020827192478940102,0.02220476347998677,0.547602811728921,1.0,-0.001720619966742849,0.9812391521230976,-0.476891772874988,0.015746877016010793,-0.019119546785622707,0.036783873849032124
카키,네이비,0.040549031167098466,0.09379605640794923,0.0020827192478940102,0.05136298421807747,0.547602811728921,1.0,-0.001720619966742849,0.9552694323709308,-0.4626706813188893,0.015746877016010793,-0.0468250800384665,0.036783873849032124
베이지,카키,0.19588614468111512,0.040549031167098466,0.005553917994384027,0.028352786275033907,0.6992222861797841,1.0,-0.0023890753914932693,0.9874478671684671,-0.3485128003979117,0.024055300313290052,-0.012711691673937603,0.08266037209495358
카키,베이지,0.040549031167098466,0.19588614468111512,0.005553917994384027,0.13696795791487326,0.6992222861797841,1.0,-0.0023890753914932693,0.931731171158034,-0.30955444483511263,0.024055300313290052,-0.07327095084423942,0.08266037209495358
블루,카키,0.14716913076529267,0.040549031167098466,0.003535192913324749,0.024021293697539893,0.5924011747296888,1.0,-0.0024323727569118933,0.9830654732907291,-0.4465286025253947,0.01919391859167386,-0.017226245015587716,0.05560222982342322
카키,블루,0.040549031167098466,0.14716913076529267,0.003535192913324749,0.08718316594930656,0.5924011747296888,1.0,-0.0024323727569118933,0.9342847737044967,-0.41763085878637457,0.01919391859167386,-0.07033746898703944,0.05560222982342322
카키,화이트,0.040549031167098466,0.4364285825098124,0.013496951550598055,0.33285509325681495,0.7626794087193663,1.0,-0.004199804643804933,0.8447511354637866,-0.24489416650651422,0.029120851533865545,-0.18378059290915122,0.18189050218574038
화이트,카키,0.4364285825098124,0.040549031167098466,0.013496951550598055,0.030925911114665815,0.7626794087193663,1.0,-0.004199804643804933,0.9900697788096867,-0.3557257034894658,0.029120851533865545,-0.010029819516612129,0.18189050218574038
스카이블루,카키,0.13534766285545852,0.040549031167098466,0.0023658449557082796,0.017479762160613223,0.43107718378229276,1.0,-0.0031223716438116434,0.9765203116251164,-0.6041734935049397,0.013633569872045594,-0.024044239628573452,0.037912525747929755
카키,스카이블루,0.040549031167098466,0.13534766285545852,0.0023658449557082796,0.05834528933524629,0.43107718378229276,1.0,-0.0031223716438116434,0.9182265296948889,-0.5790443741584379,0.013633569872045594,-0.08905587854478898,0.037912525747929755
실버,화이트,0.029419863789385502,0.4364285825098124,0.007351572317286958,0.2498846483422319,0.5725671011398838,1.0,-0.005488097133946315,0.7513130030530436,-0.4347563018673008,0.016034072933672823,-0.3310031850059686,0.1333647472340253
화이트,실버,0.4364285825098124,0.029419863789385502,0.007351572317286958,0.016844846125818692,0.5725671011398837,1.0,-0.005488097133946315,0.987209528817487,-0.5698228917932181,0.016034072933672823,-0.012956186917921891,0.1333647472340253
블랙,실버,0.2714826478847019,0.029419863789385502,0.007155711382429141,0.026357895939883996,0.8959217530229951,1.0,-0.0008312711395204956,0.996855140264854,-0.1375290553861285,0.024360133881711418,-0.0031547810791349882,0.13479255287403533
실버,블랙,0.029419863789385502,0.2714826478847019,0.007155711382429141,0.24322720980818666,0.8959217530229951,1.0,-0.0008312711395204956,0.9626632478826921,-0.10689579522392835,0.024360133881711418,-0.038784852542597247,0.13479255287403533
실버,블루,0.029419863789385502,0.14716913076529267,0.0023057292232271675,0.07837321204930459,0.5325383906377436,1.0,-0.0020239665578900066,0.9253538204233832,-0.4749019972170894,0.013229779800384986,-0.08066771642274452,0.04702020948224278
블루,실버,0.14716913076529267,0.029419863789385502,0.0023057292232271675,0.015667206915180983,0.5325383906377436,1.0,-0.0020239665578900066,0.986028447928566,-0.5072135657012441,0.013229779800384986,-0.014169522289935073,0.04702020948224278
스카이블루,퍼플,0.13534766285545852,0.017421927116461625,0.002026481949766518,0.014972419227738376,0.8594008646489653,1.0,-0.0003315351678847005,0.9975132595913682,-0.1591060123433299,0.013443280932410527,-0.002492939702526398,0.06564515885696803
퍼플,스카이블루,0.017421927116461625,0.13534766285545852,0.002026481949766518,0.11631789848619768,0.8594008646489653,1.0,-0.0003315351678847005,0.9784653730830786,-0.14273624220837045,0.013443280932410527,-0.022008573332612972,0.06564515885696803
퍼플,화이트,0.017421927116461625,0.4364285825098124,0.006096898803890845,0.34995547640249336,0.8018619550304663,1.0,-0.0015065281521357658,0.8669735641664119,-0.20094524614741766,0.013616637937754987,-0.15343770713642457,0.18196272847024877
화이트,퍼플,0.4364285825098124,0.017421927116461625,0.006096898803890845,0.013969980538004212,0.8018619550304662,1.0,-0.0015065281521357658,0.9964991465672203,-0.3048068828777897,0.013616637937754987,-0.0035131524646454843,0.18196272847024877
블랙,퍼플,0.2714826478847019,0.017421927116461625,0.0020924153337780606,0.007707363067516216,0.44239440424668547,1.0,-0.0026373355710532305,0.9902099807180103,-0.6337164670775177,0.007295420585391581,-0.009886811355800367,0.0639048836708908
퍼플,블랙,0.017421927116461625,0.2714826478847019,0.0020924153337780606,0.12010240427426537,0.44239440424668547,1.0,-0.0026373355710532305,0.827956975509657,-0.5619366455011339,0.007295420585391581,-0.20779222783217724,0.0639048836708908
핑크,화이트,0.08709606106207046,0.4364285825098124,0.03025372717541383,0.34736045243025404,0.7959159100732001,1.0,-0.007757483296093652,0.8635263057361079,-0.2192851893951676,0.0613328825393331,-0.15804231250089817,0.20834079656713145
화이트,핑크,0.4364285825098124,0.08709606106207046,0.03025372717541383,0.06932114070400883,0.7959159100732002,1.0,-0.007757483296093652,0.9809011237544308,-0.3127056744978973,0.0613328825393331,-0.019470745606313122,0.20834079656713145
핑크,네이비,0.08709606106207046,0.09379605640794923,0.004041328596472176,0.046400819361877406,0.4946990432099332,1.0,-0.004127938459815976,0.9502985761645095,-0.5280528190740204,0.022851628891301247,-0.05230085057697334,0.044743578718318786
네이비,핑크,0.09379605640794923,0.08709606106207046,0.004041328596472176,0.04308633807476017,0.49469904320993313,1.0,-0.004127938459815976,0.9540086794259307,-0.5298882036076554,0.022851628891301247,-0.04820849282183086,0.044743578718318786
핑크,스카이블루,0.08709606106207046,0.13534766285545852,0.009909399773499434,0.11377552156391246,0.8406168171918599,1.0,-0.0018788485351681067,0.9756583779658013,-0.17197417089115152,0.04662493841128488,-0.024948919195415187,0.093494967601929
스카이블루,핑크,0.13534766285545852,0.08709606106207046,0.009909399773499434,0.07321441363994555,0.8406168171918599,1.0,-0.0018788485351681067,0.9850217271109653,-0.17984515964781536,0.04662493841128488,-0.015206033000881554,0.093494967601929
핑크,블루,0.08709606106207046,0.14716913076529267,0.010322453032159978,0.11851802373477613,0.8053185006833415,1.0,-0.0024953985674257845,0.9674966615291339,-0.20936647863961744,0.046094162676111224,-0.03359529780650034,0.09432904652235374
블루,핑크,0.14716913076529267,0.08709606106207046,0.010322453032159978,0.07014006930993136,0.8053185006833417,1.0,-0.0024953985674257845,0.9817650043920532,-0.22085703912121948,0.046094162676111224,-0.01857368670340679,0.09432904652235374
핑크,베이지,0.08709606106207046,0.19588614468111512,0.005790502489954855,0.06648409146572262,0.3394017048727601,1.0,-0.011270409128405118,0.8613820589104176,-0.6807207767828036,0.020889883867356934,-0.16092503861169752,0.04802232153894567
베이지,핑크,0.19588614468111512,0.08709606106207046,0.005790502489954855,0.02956055161216873,0.33940170487276006,1.0,-0.011270409128405118,0.9407119016591049,-0.7076454606589961,0.020889883867356934,-0.06302471376872185,0.04802232153894567
블랙,핑크,0.2714826478847019,0.08709606106207046,0.010847980887075505,0.03995828452241493,0.4587840602106907,1.0,-0.012797088390383066,0.9509002829984254,-0.6182159135216371,0.03119649778323063,-0.05163497990215216,0.08225509799785387
핑크,블랙,0.08709606106207046,0.2714826478847019,0.010847980887075505,0.12455191147329281,0.4587840602106907,1.0,-0.012797088390383066,0.8321651068326861,-0.5637421073104876,0.03119649778323063,-0.20168460776505323,0.08225509799785387
블랙,블루,0.2714826478847019,0.14716913076529267,0.016446500876526163,0.06058030229435127,0.4116372909137145,1.0,-0.023507364430525434,0.9078273228862266,-0.662385912405686,0.04089081318766091,-0.10153106740688501,0.08616634199984591
블루,블랙,0.14716913076529267,0.2714826478847019,0.016446500876526163,0.11175238170534055,0.4116372909137145,1.0,-0.023507364430525434,0.8201737185785801,-0.6263044201896637,0.04089081318766091,-0.21925389383735885,0.08616634199984591
베이지,블루,0.19588614468111512,0.14716913076529267,0.017387021207279047,0.08876085256353143,0.6031214025792436,1.0,-0.011441372434405024,0.9359023606853617,-0.4500487655862327,0.053388750610344295,-0.06848752819439363,0.10345198944472311
블루,베이지,0.14716913076529267,0.19588614468111512,0.017387021207279047,0.11814312632591481,0.6031214025792437,1.0,-0.011441372434405024,0.9118416823908181,-0.43553725554621947,0.053388750610344295,-0.09668160527388252,0.10345198944472311
블루,화이트,0.14716913076529267,0.4364285825098124,0.05215718518748352,0.35440302539168017,0.8120527380529939,1.0,-0.012071629941614391,0.8729461872588595,-0.21345735771566882,0.09814303281529944,-0.145545985073951,0.2369560604932576
화이트,블루,0.4364285825098124,0.14716913076529267,0.05215718518748352,0.11950909559483502,0.8120527380529939,1.0,-0.012071629941614391,0.9685856662095289,-0.29112165846352156,0.09814303281529944,-0.0324332011988245,0.2369560604932576
블랙,레드,0.2714826478847019,0.030354566468607954,0.004976031275694627,0.018329095117003345,0.6038332036782309,1.0,-0.0032647068045952455,0.9877499971815525,-0.47384418604910633,0.016762148638320387,-0.01240192645244411,0.09112966606613598
레드,블랙,0.030354566468607954,0.2714826478847019,0.004976031275694627,0.16393023701526863,0.6038332036782309,1.0,-0.0032647068045952455,0.8713595256866173,-0.4035637547686998,0.016762148638320387,-0.14763191371783768,0.09112966606613598
레드,화이트,0.030354566468607954,0.4364285825098124,0.008701267472346763,0.2866543154666837,0.6568183821008989,1.0,-0.004546332944247689,0.7900397096519708,-0.35016297013907016,0.01899500465667598,-0.26575916094207613,0.15329587635198447
화이트,레드,0.4364285825098124,0.030354566468607954,0.008701267472346763,0.019937437237285274,0.6568183821008989,1.0,-0.004546332944247689,0.9893709548480685,-0.4810873961109285,0.01899500465667598,-0.010743235487000753,0.15329587635198447
레드,블루,0.030354566468607954,0.14716913076529267,0.005427868877891373,0.17881556251197853,1.215034440864885,1.0,0.0009606137159490413,1.0385375444321514,0.18251832689736144,0.03153980505943997,0.03710751203821218,0.10784870310442979
블루,레드,0.14716913076529267,0.030354566468607954,0.005427868877891373,0.03688184369688105,1.215034440864885,1.0,0.0009606137159490413,1.0067772341176993,0.2075183586760041,0.03153980505943997,0.006731612404444719,0.10784870310442979
스카이블루,레드,0.13534766285545852,0.030354566468607954,0.0032501279883336695,0.024013181459989968,0.7910895872890785,1.0,-0.000858291640183086,0.9935025915430865,-0.23396112829391524,0.02000668481115408,-0.006539900864095272,0.065542654104428
레드,스카이블루,0.030354566468607954,0.13534766285545852,0.0032501279883336695,0.10707212674886603,0.7910895872890785,1.0,-0.000858291640183086,0.9683339080863925,-0.21405044488554972,0.02000668481115408,-0.03270162456273538,0.065542654104428
레드,네이비,0.030354566468607954,0.09379605640794923,0.002016785863882468,0.0664409378393918,0.7083553443912266,1.0,-0.0008303527648459283,0.9706980311398323,-0.2980533447955787,0.016512916593893395,-0.03018649252410668,0.04397137861205448
네이비,레드,0.09379605640794923,0.030354566468607954,0.002016785863882468,0.02150181938471717,0.7083553443912267,1.0,-0.0008303527648459283,0.9909527199342117,-0.3124008618520584,0.016512916593893395,-0.00912988065302344,0.04397137861205448
스카이블루,옐로우,0.13534766285545852,0.02823112366000093,0.006294698955925472,0.04650762948635289,1.6473885363708318,1.0,0.0024736823487609082,1.0191679623157408,0.45449325839416016,0.0400212065543048,0.01880746160052716,0.13473890884950973
옐로우,스카이블루,0.02823112366000093,0.13534766285545852,0.006294698955925472,0.2229701882126666,1.6473885363708318,1.0,0.0024736823487609082,1.1127659763216262,0.40439518866567875,0.0400212065543048,0.101338447365534,0.13473890884950973
옐로우,화이트,0.02823112366000093,0.4364285825098124,0.007547433252144774,0.2673444154416815,0.6125731131179308,1.0,-0.004773436029448659,0.7692173913202841,-0.39424480968863174,0.016511114882063468,-0.30002260906192046,0.1423190213744528
화이트,옐로우,0.4364285825098124,0.02823112366000093,0.007547433252144774,0.017293627307224044,0.6125731131179308,1.0,-0.004773436029448659,0.9888700260253668,-0.5287981079344798,0.016511114882063468,-0.011255244553592919,0.1423190213744528
블루,옐로우,0.14716913076529267,0.02823112366000093,0.00504390387688298,0.03427283867652291,1.2140090167605386,1.0,0.0008891539473131552,1.0062561303631992,0.2067032226092757,0.029607959202258442,0.006217234533459295,0.10646874520719951
옐로우,블루,0.02823112366000093,0.14716913076529267,0.00504390387688298,0.1786646517378761,1.2140090167605386,1.0,0.0008891539473131552,1.0383467252922027,0.1814041314797229,0.029607959202258442,0.036930559280582934,0.10646874520719951
네이비,옐로우,0.09379605640794923,0.02823112366000093,0.0020109682123520376,0.02143979490572279,0.7594382414221653,1.0,-0.0006369998549211999,0.9930598764195364,-0.25901176550374355,0.016755804747208714,-0.00698862550512681,0.04633605351825499
옐로우,네이비,0.02823112366000093,0.09379605640794923,0.0020109682123520376,0.07123231213078719,0.7594382414221654,1.0,-0.0006369998549211999,0.9757057178324884,-0.24583235382503446,0.016755804747208714,-0.024899190117980377,0.04633605351825499
블랙,옐로우,0.2714826478847019,0.02823112366000093,0.002699390310119611,0.009943141232606647,0.3522049406306316,1.0,-0.004964869893857898,0.9815283513613929,-0.7162844048533544,0.009088416186782623,-0.01881927161144822,0.052780335556542365
옐로우,블랙,0.02823112366000093,0.2714826478847019,0.002699390310119611,0.09561752988047809,0.35220494063063157,1.0,-0.004964869893857898,0.8055412131318935,-0.6543008652814789,0.009088416186782623,-0.2414014127372366,0.052780335556542365
와인,화이트,0.020243488108720273,0.4364285825098124,0.005513194433671016,0.2723440942619025,0.6240290053774817,1.0,-0.003321642386672016,0.7745026365429263,-0.38078122245872714,0.012220073071136902,-0.29115118892765146,0.14248830900587903
화이트,와인,0.4364285825098124,0.020243488108720273,0.005513194433671016,0.01263252374985559,0.6240290053774817,1.0,-0.003321642386672016,0.9922916598511328,-0.5166878900558803,0.012220073071136902,-0.007768220232772737,0.14248830900587903
베이지,와인,0.19588614468111512,0.020243488108720273,0.003391690842240804,0.017314603070891867,0.855317175473987,1.0,-0.0005737279982744089,0.9970195089425556,-0.17380253224707143,0.01594304622480698,-0.002989400940213822,0.092429693527016
와인,베이지,0.020243488108720273,0.19588614468111512,0.003391690842240804,0.16754478398314013,0.8553171754739869,1.0,-0.0005737279982744089,0.965954492022306,-0.14723208971879193,0.01594304622480698,-0.03524545748155993,0.092429693527016
블랙,와인,0.2714826478847019,0.020243488108720273,0.003808622535254968,0.014028972256350181,0.6930116085234802,1.0,-0.0016871332189228871,0.993697060382604,-0.378130008097155,0.01322817250506833,-0.006342918650649086,0.10108479937657053
와인,블랙,0.020243488108720273,0.2714826478847019,0.003808622535254968,0.18814062649679086,0.6930116085234803,1.0,-0.0016871332189228871,0.8973442641571205,-0.31135640179919766,0.01322817250506833,-0.11439950077499456,0.10108479937657053
골드,화이트,0.009853162475371942,0.4364285825098124,0.003089172962658434,0.3135209604408581,0.7183786145212179,1.0,-0.0012110287697070172,0.8209593957189344,-0.283628996950438,0.0069702724225744065,-0.21808703964496975,0.1602996308242841
화이트,골드,0.4364285825098124,0.009853162475371942,0.003089172962658434,0.00707830120771015,0.718378614521218,1.0,-0.0012110287697070172,0.9972053574103206,-0.4102403267252557,0.0069702724225744065,-0.0028024745042856056,0.1602996308242841
블랙,그레이,0.2714826478847019,0.08439085310042042,0.023278362990428025,0.08574530700877168,1.0160497714928836,1.0,0.00036771073347698427,1.0014814842283388,0.021682730436653388,0.06999008804151362,0.0014792926795649541,0.18079259467815303
그레이,블랙,0.08439085310042042,0.2714826478847019,0.023278362990428025,0.27583988234753437,1.0160497714928838,1.0,0.00036771073347698427,1.0060169489545454,0.01725217077377338,0.06999008804151362,0.005980961812619788,0.18079259467815303
그레이,화이트,0.08439085310042042,0.4364285825098124,0.02293706076730945,0.27179557884093936,0.6227721779309183,1.0,-0.013893519628100846,0.7739192472810976,-0.39815327524755484,0.04606923628205528,-0.2921244735974204,0.16217592711186818
화이트,그레이,0.4364285825098124,0.08439085310042042,0.02293706076730945,0.052556275382797016,0.6227721779309183,1.0,-0.013893519628100846,0.9663995054371324,-0.518024624828094,0.04606923628205528,-0.034768741471643355,0.16217592711186818
베이지,그레이,0.19588614468111512,0.08439085310042042,0.005674149459346251,0.028966568659479473,0.3432429889648214,1.0,-0.010856849400845435,0.9429223725444477,-0.7040981377175033,0.020663112178242293,-0.060532689771195206,0.04810155722831044
그레이,베이지,0.08439085310042042,0.19588614468111512,0.005674149459346251,0.06723654579714142,0.34324298896482147,1.0,-0.010856849400845435,0.8620769303253655,-0.6763485064860428,0.020663112178242293,-0.15998928265320778,0.04810155722831044
그레이,네이비,0.08439085310042042,0.09379605640794923,0.004380691602413937,0.05190955466703433,0.5534300337880195,1.0,-0.0035348376153080535,0.955820141477953,-0.46844859193955773,0.02520445847791402,-0.04622193716668607,0.04930699367489989
네이비,그레이,0.09379605640794923,0.08439085310042042,0.004380691602413937,0.046704432682765466,0.5534300337880195,1.0,-0.0035348376153080535,0.96046722369253,-0.47102042680658673,0.02520445847791402,-0.041159943132141136,0.04930699367489989
그레이,블루,0.08439085310042042,0.14716913076529267,0.004873252765323694,0.05774621995496116,0.3923799757100938,1.0,-0.007546475730006683,0.9050967874004632,-0.6284293829674462,0.021497741582261153,-0.10485421440077056,0.04542975042232911
블루,그레이,0.14716913076529267,0.08439085310042042,0.004873252765323694,0.03311328088969706,0.3923799757100938,1.0,-0.007546475730006683,0.9469663082580064,-0.6448581445445222,0.021497741582261153,-0.05600377888792245,0.04542975042232911
스카이블루,그레이,0.13534766285545852,0.08439085310042042,0.002433717556896632,0.01798123074718819,0.2130708493465699,1.0,-0.008988387176623598,0.9323743858747615,-0.8102970157853434,0.011199557372075173,-0.07253053617704387,0.023409936114436966
그레이,스카이블루,0.08439085310042042,0.13534766285545852,0.002433717556896632,0.028838641481685738,0.21307084934656992,1.0,-0.008988387176623598,0.8903281926947011,-0.8013381976926781,0.011199557372075173,-0.12318132594831345,0.023409936114436966
네이비,브라운,0.09379605640794923,0.06545051893451652,0.0031706200840844567,0.033803341051935165,0.5164717041549438,1.0,-0.0029683804818270037,0.9672456144517858,-0.5081443365632858,0.020314596690025347,-0.03386356583976729,0.04112317507398097
브라운,네이비,0.06545051893451652,0.09379605640794923,0.0031706200840844567,0.04844300909602678,0.5164717041549438,1.0,-0.0029683804818270037,0.9523380651443302,-0.5004450091676904,0.020314596690025347,-0.05004728530770906,0.04112317507398097
베이지,브라운,0.19588614468111512,0.06545051893451652,0.01453055430583782,0.07417857107501015,1.1333534444429092,1.0,0.0017097044843770517,1.0094273602530761,0.14632594029521057,0.05887437043788452,0.009339315164503375,0.14809340393399703
브라운,베이지,0.06545051893451652,0.19588614468111512,0.01453055430583782,0.2220082367929839,1.1333534444429092,1.0,0.0017097044843770517,1.0335763093483008,0.12590314196076063,0.05887437043788452,0.03248556400201514,0.14809340393399703
블랙,브라운,0.2714826478847019,0.06545051893451652,0.009418777827766487,0.03469384839566845,0.5300775144407911,1.0,-0.008349902358003876,0.9681379109749475,-0.5489151315189611,0.02875836343181953,-0.03291069243736808,0.08930034780009785
브라운,블랙,0.06545051893451652,0.2714826478847019,0.009418777827766487,0.14390684720452726,0.5300775144407911,1.0,-0.008349902358003876,0.8509790666312531,-0.4868118625145001,0.02875836343181953,-0.17511703778880475,0.08930034780009785
화이트,브라운,0.4364285825098124,0.06545051893451652,0.01843032004840286,0.04222986483244022,0.6452181819168058,1.0,-0.010134157154719822,0.9757555041137153,-0.4938442340135229,0.03812259076377552,-0.02484689636294307,0.16191076068797502
브라운,화이트,0.06545051893451652,0.4364285825098124,0.01843032004840286,0.2815916565435098,0.6452181819168057,1.0,-0.010134157154719822,0.7844722609688342,-0.3704248076404324,0.03812259076377552,-0.27474233284550575,0.16191076068797502
블루,브라운,0.14716913076529267,0.06545051893451652,0.005191284382320545,0.035274274946963405,0.5389456878448198,1.0,-0.004441011597409581,0.9687203904654931,-0.500773768731077,0.025026877950731552,-0.032289616118719645,0.05729522167839415
브라운,블루,0.06545051893451652,0.14716913076529267,0.005191284382320545,0.07931616840982489,0.5389456878448198,1.0,-0.004441011597409581,0.9263015597457877,-0.47791232283127255,0.025026877950731552,-0.07956203838676247,0.05729522167839415
민트,화이트,0.01722024853007338,0.4364285825098124,0.0066670286538730045,0.38716216216216215,0.8871145879943768,1.0,-0.0008483800025736021,0.9196093692232388,-0.11463663956354016,0.014915660141607666,-0.08741823807717868,0.20121924792103948
화이트,민트,0.4364285825098124,0.01722024853007338,0.0066670286538730045,0.01527633367991682,0.8871145879943768,1.0,-0.0008483800025736021,0.9980259285760634,-0.18420111330575772,0.014915660141607666,-0.00197797609001313,0.20121924792103948
스카이블루,민트,0.13534766285545852,0.01722024853007338,0.0022688840968677765,0.016763378465506126,0.9734690202775309,1.0,-6.183629546780084e-05,0.9995353406753155,-0.03055708170370003,0.01509580027095026,-0.00046487533334292174,0.07426006761113144
민트,스카이블루,0.01722024853007338,0.13534766285545852,0.0022688840968677765,0.13175675675675674,0.9734690202775308,1.0,-6.183629546780084e-05,0.995864170407721,-0.02698331118003269,0.01509580027095026,-0.004153005716217121,0.07426006761113144
블랙,그린,0.2714826478847019,0.023066988318155728,0.0027653236941311533,0.010186005314437556,0.44158366813843153,1.0,-0.00349696337320725,0.9869864610190624,-0.6344791544076183,0.009477287076728807,-0.013185124107478819,0.06503415440164921
그린,블랙,0.023066988318155728,0.2714826478847019,0.0027653236941311533,0.11988230348886086,0.44158366813843153,1.0,-0.00349696337320725,0.8277499191337732,-0.5641628981402333,0.009477287076728807,-0.20809434937364146,0.06503415440164921
그린,화이트,0.023066988318155728,0.4364285825098124,0.009118199165360927,0.3952921395544346,0.905743013624794,1.0,-0.0009488938491021802,0.9319730308697041,-0.09626829714132662,0.020245686704241605,-0.07299242239532856,0.20809245153448444
화이트,그린,0.4364285825098124,0.023066988318155728,0.009118199165360927,0.02089276351453429,0.905743013624794,1.0,-0.0009488938491021802,0.9977793803144324,-0.15587193840304114,0.020245686704241605,-0.002225561811938764,0.20809245153448444
블루,그린,0.14716913076529267,0.023066988318155728,0.0022979723545199274,0.015614499743052535,0.6769197403530379,1.0,-0.0010967762656362112,0.9924292987115739,-0.35882723515411885,0.013683444763917274,-0.007628454035219181,0.05761809476433837
그린,블루,0.023066988318155728,0.14716913076529267,0.0022979723545199274,0.0996216897856242,0.6769197403530379,1.0,-0.0010967762656362112,0.9471917077074551,-0.3282050167974137,0.013683444763917274,-0.055752485861980394,0.05761809476433837
베이지,그린,0.19588614468111512,0.023066988318155728,0.0022688840968677765,0.011582667577440529,0.5021317658675,1.0,-0.0022496193141800687,0.9883811014194099,-0.5521811324015,0.010470923052139827,-0.011755484361148063,0.054971661657572723
그린,베이지,0.023066988318155728,0.19588614468111512,0.0022688840968677765,0.09836065573770492,0.5021317658675,1.0,-0.0022496193141800687,0.8918353668082178,-0.5037024521942073,0.010470923052139827,-0.12128318433803734,0.054971661657572723
네온,화이트,0.008425898633239734,0.4364285825098124,0.002325121394995268,0.27594936708860757,0.632289859435142,1.0,-0.001352181601880915,0.7783591255546296,-0.3696796496601977,0.00525416301489921,-0.28475400000923395,0.14063848867551673
화이트,네온,0.4364285825098124,0.008425898633239734,0.002325121394995268,0.0053276102624259065,0.6322898594351419,1.0,-0.001352181601880915,0.9968851167451916,-0.5078514179130033,0.00525416301489921,-0.0031246160690796853,0.14063848867551673
